,Date,Airline Name,Departure,Source,Duration,Stop,Destination,Arrival,Price
0,17/07/2022,IndiGo,08:40,Chennai,01 h,Non stop,Coimbatore,09:40,"₹ 3,523"
1,17/07/2022,IndiGo,09:45,Chennai,01 h 10 m,Non stop,Coimbatore,10:55,"₹ 3,523"
2,17/07/2022,Air India,13:30,Chennai,01 h 05 m,Non stop,Coimbatore,14:35,"₹ 3,523"
3,17/07/2022,IndiGo,14:35,Chennai,01 h,Non stop,Coimbatore,15:35,"₹ 3,523"
4,17/07/2022,IndiGo,16:15,Chennai,01 h,Non stop,Coimbatore,17:15,"₹ 3,523"
5,17/07/2022,IndiGo,19:00,Chennai,01 h,Non stop,Coimbatore,20:00,"₹ 3,523"
6,17/07/2022,IndiGo,20:55,Chennai,55 m,Non stop,Coimbatore,21:50,"₹ 3,523"
7,17/07/2022,IndiGo,12:35,Chennai,01 h 05 m,Non stop,Coimbatore,13:40,"₹ 3,628"
8,17/07/2022,Vistara,07:00,Chennai,06 h 50 m,1 stop via Mumbai,Coimbatore,13:50,"₹ 10,768"
9,18/07/2022,IndiGo,09:45,Chennai,01 h 10 m,Non stop,Coimbatore,10:55,"₹ 3,523"
10,18/07/2022,IndiGo,12:35,Chennai,01 h 05 m,Non stop,Coimbatore,13:40,"₹ 3,523"
11,18/07/2022,Air India,13:20,Chennai,01 h 05 m,Non stop,Coimbatore,14:25,"₹ 3,523"
12,18/07/2022,IndiGo,16:15,Chennai,01 h,Non stop,Coimbatore,17:15,"₹ 3,523"
13,18/07/2022,IndiGo,19:00,Chennai,01 h,Non stop,Coimbatore,20:00,"₹ 3,523"
14,18/07/2022,IndiGo,20:55,Chennai,55 m,Non stop,Coimbatore,21:50,"₹ 3,523"
15,18/07/2022,IndiGo,08:40,Chennai,01 h,Non stop,Coimbatore,09:40,"₹ 8,878"
16,18/07/2022,Vistara,12:30,Chennai,19 h 30 m,"2 stop via Mumbai,Bengaluru",Coimbatore,08:00,"₹ 12,270"
17,19/07/2022,IndiGo,08:35,Chennai,01 h 05 m,Non stop,Coimbatore,09:40,"₹ 3,523"
18,19/07/2022,IndiGo,09:45,Chennai,01 h 10 m,Non stop,Coimbatore,10:55,"₹ 3,523"
19,19/07/2022,IndiGo,19:00,Chennai,01 h,Non stop,Coimbatore,20:00,"₹ 3,523"
20,19/07/2022,IndiGo,20:55,Chennai,55 m,Non stop,Coimbatore,21:50,"₹ 3,523"
21,19/07/2022,IndiGo,12:35,Chennai,01 h 05 m,Non stop,Coimbatore,13:40,"₹ 3,838"
22,19/07/2022,IndiGo,14:35,Chennai,01 h,Non stop,Coimbatore,15:35,"₹ 3,838"
23,19/07/2022,Air India,13:20,Chennai,01 h 05 m,Non stop,Coimbatore,14:25,"₹ 5,518"
24,19/07/2022,Vistara,12:30,Chennai,19 h 30 m,"2 stop via Mumbai,Bengaluru",Coimbatore,08:00,"₹ 12,270"
25,20/07/2022,IndiGo,08:40,Chennai,01 h,Non stop,Coimbatore,09:40,"₹ 3,523"
26,20/07/2022,IndiGo,09:45,Chennai,01 h 10 m,Non stop,Coimbatore,10:55,"₹ 3,523"
27,20/07/2022,Air India,13:20,Chennai,01 h 05 m,Non stop,Coimbatore,14:25,"₹ 3,523"
28,20/07/2022,IndiGo,19:00,Chennai,01 h,Non stop,Coimbatore,20:00,"₹ 3,523"
29,20/07/2022,IndiGo,20:55,Chennai,55 m,Non stop,Coimbatore,21:50,"₹ 3,523"
30,20/07/2022,IndiGo,12:35,Chennai,01 h 05 m,Non stop,Coimbatore,13:40,"₹ 3,838"
31,20/07/2022,IndiGo,14:35,Chennai,01 h,Non stop,Coimbatore,15:35,"₹ 3,838"
32,20/07/2022,Vistara,07:00,Chennai,06 h 50 m,1 stop via Mumbai,Coimbatore,13:50,"₹ 10,768"
33,21/07/2022,IndiGo,08:35,Chennai,01 h 05 m,Non stop,Coimbatore,09:40,"₹ 3,523"
34,21/07/2022,IndiGo,09:45,Chennai,01 h 10 m,Non stop,Coimbatore,10:55,"₹ 3,523"
35,21/07/2022,IndiGo,19:00,Chennai,01 h,Non stop,Coimbatore,20:00,"₹ 3,523"
36,21/07/2022,IndiGo,20:55,Chennai,55 m,Non stop,Coimbatore,21:50,"₹ 3,523"
37,21/07/2022,IndiGo,12:35,Chennai,01 h 05 m,Non stop,Coimbatore,13:40,"₹ 3,838"
38,21/07/2022,IndiGo,14:35,Chennai,01 h,Non stop,Coimbatore,15:35,"₹ 3,838"
39,21/07/2022,Air India,13:20,Chennai,01 h 05 m,Non stop,Coimbatore,14:25,"₹ 5,518"
40,21/07/2022,Vistara,07:00,Chennai,06 h 50 m,1 stop via Mumbai,Coimbatore,13:50,"₹ 12,091"
41,22/07/2022,IndiGo,09:45,Chennai,01 h 10 m,Non stop,Coimbatore,10:55,"₹ 3,523"
42,22/07/2022,IndiGo,19:00,Chennai,01 h,Non stop,Coimbatore,20:00,"₹ 3,523"
43,22/07/2022,IndiGo,20:55,Chennai,55 m,Non stop,Coimbatore,21:50,"₹ 3,523"
44,22/07/2022,IndiGo,12:35,Chennai,01 h 05 m,Non stop,Coimbatore,13:40,"₹ 3,838"
45,22/07/2022,IndiGo,14:35,Chennai,01 h,Non stop,Coimbatore,15:35,"₹ 3,838"
46,22/07/2022,IndiGo,16:15,Chennai,01 h,Non stop,Coimbatore,17:15,"₹ 3,838"
47,22/07/2022,IndiGo,08:40,Chennai,01 h,Non stop,Coimbatore,09:40,"₹ 4,626"
48,22/07/2022,Air India,13:20,Chennai,01 h 05 m,Non stop,Coimbatore,14:25,"₹ 5,518"
49,22/07/2022,Vistara,07:00,Chennai,06 h 50 m,1 stop via Mumbai,Coimbatore,13:50,"₹ 15,384"
50,23/07/2022,IndiGo,08:35,Chennai,01 h 05 m,Non stop,Coimbatore,09:40,"₹ 3,523"
51,23/07/2022,IndiGo,09:45,Chennai,01 h 10 m,Non stop,Coimbatore,10:55,"₹ 3,523"
52,23/07/2022,IndiGo,19:00,Chennai,01 h,Non stop,Coimbatore,20:00,"₹ 3,523"
53,23/07/2022,IndiGo,20:55,Chennai,55 m,Non stop,Coimbatore,21:50,"₹ 3,523"
54,23/07/2022,IndiGo,12:35,Chennai,01 h 05 m,Non stop,Coimbatore,13:40,"₹ 3,838"
55,23/07/2022,IndiGo,14:35,Chennai,01 h,Non stop,Coimbatore,15:35,"₹ 3,838"
56,23/07/2022,IndiGo,16:15,Chennai,01 h,Non stop,Coimbatore,17:15,"₹ 3,838"
57,23/07/2022,Air India,13:20,Chennai,01 h 05 m,Non stop,Coimbatore,14:25,"₹ 5,518"
58,23/07/2022,Vistara,07:00,Chennai,06 h 50 m,1 stop via Mumbai,Coimbatore,13:50,"₹ 15,384"
59,24/07/2022,IndiGo,08:40,Chennai,01 h,Non stop,Coimbatore,09:40,"₹ 3,523"
60,24/07/2022,IndiGo,09:45,Chennai,01 h 10 m,Non stop,Coimbatore,10:55,"₹ 3,523"
61,24/07/2022,IndiGo,19:00,Chennai,01 h,Non stop,Coimbatore,20:00,"₹ 3,523"
62,24/07/2022,IndiGo,20:55,Chennai,55 m,Non stop,Coimbatore,21:50,"₹ 3,523"
63,24/07/2022,IndiGo,12:35,Chennai,01 h 05 m,Non stop,Coimbatore,13:40,"₹ 3,838"
64,24/07/2022,IndiGo,14:35,Chennai,01 h,Non stop,Coimbatore,15:35,"₹ 3,838"
65,24/07/2022,IndiGo,16:15,Chennai,01 h,Non stop,Coimbatore,17:15,"₹ 3,838"
66,24/07/2022,Air India,13:20,Chennai,01 h 05 m,Non stop,Coimbatore,14:25,"₹ 5,518"
67,24/07/2022,Vistara,07:00,Chennai,06 h 50 m,1 stop via Mumbai,Coimbatore,13:50,"₹ 15,384"
68,25/07/2022,IndiGo,08:40,Chennai,01 h,Non stop,Coimbatore,09:40,"₹ 3,523"
69,25/07/2022,IndiGo,09:45,Chennai,01 h 10 m,Non stop,Coimbatore,10:55,"₹ 3,523"
70,25/07/2022,IndiGo,19:00,Chennai,01 h,Non stop,Coimbatore,20:00,"₹ 3,523"
71,25/07/2022,IndiGo,20:55,Chennai,55 m,Non stop,Coimbatore,21:50,"₹ 3,523"
72,25/07/2022,IndiGo,12:35,Chennai,01 h 05 m,Non stop,Coimbatore,13:40,"₹ 3,838"
73,25/07/2022,IndiGo,14:35,Chennai,01 h,Non stop,Coimbatore,15:35,"₹ 3,838"
74,25/07/2022,IndiGo,16:15,Chennai,01 h,Non stop,Coimbatore,17:15,"₹ 3,838"
75,25/07/2022,Air India,13:20,Chennai,01 h 05 m,Non stop,Coimbatore,14:25,"₹ 5,518"
76,25/07/2022,Vistara,07:00,Chennai,06 h 50 m,1 stop via Mumbai,Coimbatore,13:50,"₹ 15,384"
77,26/07/2022,IndiGo,08:35,Chennai,01 h 05 m,Non stop,Coimbatore,09:40,"₹ 3,523"
78,26/07/2022,IndiGo,09:45,Chennai,01 h 10 m,Non stop,Coimbatore,10:55,"₹ 3,523"
79,26/07/2022,IndiGo,19:00,Chennai,01 h,Non stop,Coimbatore,20:00,"₹ 3,523"
80,26/07/2022,IndiGo,20:55,Chennai,55 m,Non stop,Coimbatore,21:50,"₹ 3,523"
81,26/07/2022,IndiGo,12:35,Chennai,01 h 05 m,Non stop,Coimbatore,13:40,"₹ 3,838"
82,26/07/2022,IndiGo,14:35,Chennai,01 h,Non stop,Coimbatore,15:35,"₹ 3,838"
83,26/07/2022,IndiGo,16:15,Chennai,01 h,Non stop,Coimbatore,17:15,"₹ 3,838"
84,26/07/2022,Air India,13:20,Chennai,01 h 05 m,Non stop,Coimbatore,14:25,"₹ 5,518"
85,26/07/2022,Vistara,07:00,Chennai,06 h 50 m,1 stop via Mumbai,Coimbatore,13:50,"₹ 15,384"
86,27/07/2022,IndiGo,08:40,Chennai,01 h,Non stop,Coimbatore,09:40,"₹ 3,523"
87,27/07/2022,IndiGo,09:45,Chennai,01 h 10 m,Non stop,Coimbatore,10:55,"₹ 3,523"
88,27/07/2022,IndiGo,19:00,Chennai,01 h,Non stop,Coimbatore,20:00,"₹ 3,523"
89,27/07/2022,IndiGo,20:55,Chennai,55 m,Non stop,Coimbatore,21:50,"₹ 3,523"
90,27/07/2022,IndiGo,12:35,Chennai,01 h 05 m,Non stop,Coimbatore,13:40,"₹ 3,838"
91,27/07/2022,IndiGo,14:35,Chennai,01 h,Non stop,Coimbatore,15:35,"₹ 3,838"
92,27/07/2022,IndiGo,16:15,Chennai,01 h,Non stop,Coimbatore,17:15,"₹ 3,838"
93,27/07/2022,Air India,13:20,Chennai,01 h 05 m,Non stop,Coimbatore,14:25,"₹ 5,518"
94,27/07/2022,Vistara,07:00,Chennai,06 h 50 m,1 stop via Mumbai,Coimbatore,13:50,"₹ 15,384"
95,28/07/2022,IndiGo,08:35,Chennai,01 h 05 m,Non stop,Coimbatore,09:40,"₹ 3,523"
96,28/07/2022,IndiGo,09:45,Chennai,01 h 10 m,Non stop,Coimbatore,10:55,"₹ 3,523"
97,28/07/2022,IndiGo,19:00,Chennai,01 h,Non stop,Coimbatore,20:00,"₹ 3,523"
98,28/07/2022,IndiGo,20:55,Chennai,55 m,Non stop,Coimbatore,21:50,"₹ 3,523"
99,28/07/2022,IndiGo,12:35,Chennai,01 h 05 m,Non stop,Coimbatore,13:40,"₹ 3,838"
100,28/07/2022,IndiGo,14:35,Chennai,01 h,Non stop,Coimbatore,15:35,"₹ 3,838"
101,28/07/2022,IndiGo,16:15,Chennai,01 h,Non stop,Coimbatore,17:15,"₹ 3,838"
102,28/07/2022,Air India,13:20,Chennai,01 h 05 m,Non stop,Coimbatore,14:25,"₹ 5,518"
103,28/07/2022,Vistara,07:00,Chennai,06 h 50 m,1 stop via Mumbai,Coimbatore,13:50,"₹ 15,384"
104,29/07/2022,IndiGo,08:40,Chennai,01 h,Non stop,Coimbatore,09:40,"₹ 3,523"
105,29/07/2022,IndiGo,09:45,Chennai,01 h 10 m,Non stop,Coimbatore,10:55,"₹ 3,523"
106,29/07/2022,IndiGo,19:00,Chennai,01 h,Non stop,Coimbatore,20:00,"₹ 3,523"
107,29/07/2022,IndiGo,20:55,Chennai,55 m,Non stop,Coimbatore,21:50,"₹ 3,523"
108,29/07/2022,IndiGo,12:35,Chennai,01 h 05 m,Non stop,Coimbatore,13:40,"₹ 3,838"
109,29/07/2022,IndiGo,14:35,Chennai,01 h,Non stop,Coimbatore,15:35,"₹ 3,838"
110,29/07/2022,IndiGo,16:15,Chennai,01 h,Non stop,Coimbatore,17:15,"₹ 3,838"
111,29/07/2022,Air India,13:20,Chennai,01 h 05 m,Non stop,Coimbatore,14:25,"₹ 5,518"
112,29/07/2022,Vistara,07:00,Chennai,06 h 50 m,1 stop via Mumbai,Coimbatore,13:50,"₹ 15,384"
113,30/07/2022,IndiGo,08:35,Chennai,01 h 05 m,Non stop,Coimbatore,09:40,"₹ 3,523"
114,30/07/2022,IndiGo,09:45,Chennai,01 h 10 m,Non stop,Coimbatore,10:55,"₹ 3,523"
115,30/07/2022,IndiGo,19:00,Chennai,01 h,Non stop,Coimbatore,20:00,"₹ 3,523"
116,30/07/2022,IndiGo,20:55,Chennai,55 m,Non stop,Coimbatore,21:50,"₹ 3,523"
117,30/07/2022,IndiGo,12:35,Chennai,01 h 05 m,Non stop,Coimbatore,13:40,"₹ 3,838"
118,30/07/2022,IndiGo,14:35,Chennai,01 h,Non stop,Coimbatore,15:35,"₹ 3,838"
119,30/07/2022,IndiGo,16:15,Chennai,01 h,Non stop,Coimbatore,17:15,"₹ 3,838"
120,30/07/2022,Air India,13:20,Chennai,01 h 05 m,Non stop,Coimbatore,14:25,"₹ 5,518"
121,30/07/2022,Vistara,12:30,Chennai,19 h 30 m,"2 stop via Mumbai,Bengaluru",Coimbatore,08:00,"₹ 15,323"
122,31/07/2022,IndiGo,08:40,Chennai,01 h,Non stop,Coimbatore,09:40,"₹ 3,208"
123,31/07/2022,IndiGo,09:45,Chennai,01 h 10 m,Non stop,Coimbatore,10:55,"₹ 3,208"
124,31/07/2022,IndiGo,19:00,Chennai,01 h,Non stop,Coimbatore,20:00,"₹ 3,208"
125,31/07/2022,IndiGo,20:55,Chennai,55 m,Non stop,Coimbatore,21:50,"₹ 3,208"
126,31/07/2022,IndiGo,12:35,Chennai,01 h 05 m,Non stop,Coimbatore,13:40,"₹ 3,523"
127,31/07/2022,IndiGo,14:35,Chennai,01 h,Non stop,Coimbatore,15:35,"₹ 3,523"
128,31/07/2022,IndiGo,16:15,Chennai,01 h,Non stop,Coimbatore,17:15,"₹ 3,523"
129,31/07/2022,Air India,13:20,Chennai,01 h 05 m,Non stop,Coimbatore,14:25,"₹ 4,468"
130,31/07/2022,Vistara,07:00,Chennai,06 h 50 m,1 stop via Mumbai,Coimbatore,13:50,"₹ 10,768"
131,01/08/2022,IndiGo,08:40,Chennai,01 h,Non stop,Coimbatore,09:40,"₹ 3,208"
132,01/08/2022,IndiGo,09:45,Chennai,01 h 10 m,Non stop,Coimbatore,10:55,"₹ 3,208"
133,01/08/2022,IndiGo,12:35,Chennai,01 h 05 m,Non stop,Coimbatore,13:40,"₹ 3,208"
134,01/08/2022,IndiGo,16:15,Chennai,01 h,Non stop,Coimbatore,17:15,"₹ 3,208"
135,01/08/2022,IndiGo,19:00,Chennai,01 h,Non stop,Coimbatore,20:00,"₹ 3,208"
136,01/08/2022,IndiGo,20:55,Chennai,55 m,Non stop,Coimbatore,21:50,"₹ 3,208"
137,01/08/2022,Air India,13:20,Chennai,01 h 05 m,Non stop,Coimbatore,14:25,"₹ 4,468"
138,01/08/2022,Vistara,07:00,Chennai,06 h 50 m,1 stop via Mumbai,Coimbatore,13:50,"₹ 10,768"
139,02/08/2022,IndiGo,08:35,Chennai,01 h 05 m,Non stop,Coimbatore,09:40,"₹ 3,208"
140,02/08/2022,IndiGo,09:45,Chennai,01 h 10 m,Non stop,Coimbatore,10:55,"₹ 3,208"
141,02/08/2022,IndiGo,19:00,Chennai,01 h,Non stop,Coimbatore,20:00,"₹ 3,208"
142,02/08/2022,IndiGo,20:55,Chennai,55 m,Non stop,Coimbatore,21:50,"₹ 3,208"
143,02/08/2022,IndiGo,16:15,Chennai,01 h,Non stop,Coimbatore,17:15,"₹ 3,418"
144,02/08/2022,IndiGo,12:35,Chennai,01 h 05 m,Non stop,Coimbatore,13:40,"₹ 3,523"
145,02/08/2022,IndiGo,14:35,Chennai,01 h,Non stop,Coimbatore,15:35,"₹ 3,523"
146,02/08/2022,Air India,13:20,Chennai,01 h 05 m,Non stop,Coimbatore,14:25,"₹ 4,468"
147,02/08/2022,Vistara,07:00,Chennai,06 h 50 m,1 stop via Mumbai,Coimbatore,13:50,"₹ 10,243"
148,03/08/2022,IndiGo,08:40,Chennai,01 h,Non stop,Coimbatore,09:40,"₹ 3,208"
149,03/08/2022,IndiGo,09:45,Chennai,01 h 10 m,Non stop,Coimbatore,10:55,"₹ 3,208"
150,03/08/2022,IndiGo,12:35,Chennai,01 h 05 m,Non stop,Coimbatore,13:40,"₹ 3,208"
151,03/08/2022,IndiGo,14:35,Chennai,01 h,Non stop,Coimbatore,15:35,"₹ 3,208"
152,03/08/2022,IndiGo,16:15,Chennai,01 h,Non stop,Coimbatore,17:15,"₹ 3,208"
153,03/08/2022,IndiGo,19:00,Chennai,01 h,Non stop,Coimbatore,20:00,"₹ 3,208"
154,03/08/2022,IndiGo,20:55,Chennai,55 m,Non stop,Coimbatore,21:50,"₹ 3,208"
155,03/08/2022,Air India,13:20,Chennai,01 h 05 m,Non stop,Coimbatore,14:25,"₹ 4,468"
156,03/08/2022,Vistara,07:00,Chennai,06 h 50 m,1 stop via Mumbai,Coimbatore,13:50,"₹ 10,768"
157,04/08/2022,IndiGo,08:35,Chennai,01 h 05 m,Non stop,Coimbatore,09:40,"₹ 3,208"
158,04/08/2022,IndiGo,09:45,Chennai,01 h 10 m,Non stop,Coimbatore,10:55,"₹ 3,208"
159,04/08/2022,IndiGo,12:35,Chennai,01 h 05 m,Non stop,Coimbatore,13:40,"₹ 3,208"
160,04/08/2022,IndiGo,14:35,Chennai,01 h,Non stop,Coimbatore,15:35,"₹ 3,208"
161,04/08/2022,IndiGo,16:15,Chennai,01 h,Non stop,Coimbatore,17:15,"₹ 3,208"
162,04/08/2022,IndiGo,19:00,Chennai,01 h,Non stop,Coimbatore,20:00,"₹ 3,208"
163,04/08/2022,IndiGo,20:55,Chennai,55 m,Non stop,Coimbatore,21:50,"₹ 3,208"
164,04/08/2022,Air India,13:20,Chennai,01 h 05 m,Non stop,Coimbatore,14:25,"₹ 4,468"
165,04/08/2022,Vistara,07:00,Chennai,06 h 50 m,1 stop via Mumbai,Coimbatore,13:50,"₹ 10,768"
166,05/08/2022,IndiGo,08:40,Chennai,01 h,Non stop,Coimbatore,09:40,"₹ 3,208"
167,05/08/2022,IndiGo,09:45,Chennai,01 h 10 m,Non stop,Coimbatore,10:55,"₹ 3,208"
168,05/08/2022,IndiGo,19:00,Chennai,01 h,Non stop,Coimbatore,20:00,"₹ 3,208"
169,05/08/2022,IndiGo,20:55,Chennai,55 m,Non stop,Coimbatore,21:50,"₹ 3,208"
170,05/08/2022,IndiGo,12:35,Chennai,01 h 05 m,Non stop,Coimbatore,13:40,"₹ 3,523"
171,05/08/2022,IndiGo,14:35,Chennai,01 h,Non stop,Coimbatore,15:35,"₹ 3,523"
172,05/08/2022,IndiGo,16:15,Chennai,01 h,Non stop,Coimbatore,17:15,"₹ 3,523"
173,05/08/2022,Air India,13:20,Chennai,01 h 05 m,Non stop,Coimbatore,14:25,"₹ 4,468"
174,05/08/2022,Vistara,07:00,Chennai,06 h 50 m,1 stop via Mumbai,Coimbatore,13:50,"₹ 10,243"
175,06/08/2022,IndiGo,08:35,Chennai,01 h 05 m,Non stop,Coimbatore,09:40,"₹ 3,208"
176,06/08/2022,IndiGo,09:45,Chennai,01 h 10 m,Non stop,Coimbatore,10:55,"₹ 3,208"
177,06/08/2022,IndiGo,19:00,Chennai,01 h,Non stop,Coimbatore,20:00,"₹ 3,208"
178,06/08/2022,IndiGo,20:55,Chennai,55 m,Non stop,Coimbatore,21:50,"₹ 3,208"
179,06/08/2022,IndiGo,12:35,Chennai,01 h 05 m,Non stop,Coimbatore,13:40,"₹ 3,523"
180,06/08/2022,IndiGo,14:35,Chennai,01 h,Non stop,Coimbatore,15:35,"₹ 3,523"
181,06/08/2022,IndiGo,16:15,Chennai,01 h,Non stop,Coimbatore,17:15,"₹ 3,523"
182,06/08/2022,Air India,13:20,Chennai,01 h 05 m,Non stop,Coimbatore,14:25,"₹ 4,783"
183,06/08/2022,Vistara,07:00,Chennai,06 h 50 m,1 stop via Mumbai,Coimbatore,13:50,"₹ 10,243"
184,07/08/2022,IndiGo,08:40,Chennai,01 h,Non stop,Coimbatore,09:40,"₹ 3,208"
185,07/08/2022,IndiGo,09:45,Chennai,01 h 10 m,Non stop,Coimbatore,10:55,"₹ 3,208"
186,07/08/2022,IndiGo,12:35,Chennai,01 h 05 m,Non stop,Coimbatore,13:40,"₹ 3,208"
187,07/08/2022,IndiGo,14:35,Chennai,01 h,Non stop,Coimbatore,15:35,"₹ 3,208"
188,07/08/2022,IndiGo,16:15,Chennai,01 h,Non stop,Coimbatore,17:15,"₹ 3,208"
189,07/08/2022,IndiGo,19:00,Chennai,01 h,Non stop,Coimbatore,20:00,"₹ 3,208"
190,07/08/2022,IndiGo,20:55,Chennai,55 m,Non stop,Coimbatore,21:50,"₹ 3,208"
191,07/08/2022,Air India,13:20,Chennai,01 h 05 m,Non stop,Coimbatore,14:25,"₹ 4,783"
192,07/08/2022,Vistara,07:00,Chennai,06 h 50 m,1 stop via Mumbai,Coimbatore,13:50,"₹ 10,768"
193,08/08/2022,IndiGo,08:40,Chennai,01 h,Non stop,Coimbatore,09:40,"₹ 3,208"
194,08/08/2022,IndiGo,09:45,Chennai,01 h 10 m,Non stop,Coimbatore,10:55,"₹ 3,208"
195,08/08/2022,IndiGo,19:00,Chennai,01 h,Non stop,Coimbatore,20:00,"₹ 3,208"
196,08/08/2022,IndiGo,20:55,Chennai,55 m,Non stop,Coimbatore,21:50,"₹ 3,208"
197,08/08/2022,IndiGo,12:35,Chennai,01 h 05 m,Non stop,Coimbatore,13:40,"₹ 3,523"
198,08/08/2022,IndiGo,16:15,Chennai,01 h,Non stop,Coimbatore,17:15,"₹ 3,523"
199,08/08/2022,Air India,13:20,Chennai,01 h 05 m,Non stop,Coimbatore,14:25,"₹ 4,468"
200,08/08/2022,Vistara,07:00,Chennai,06 h 50 m,1 stop via Mumbai,Coimbatore,13:50,"₹ 10,768"
201,09/08/2022,IndiGo,08:35,Chennai,01 h 05 m,Non stop,Coimbatore,09:40,"₹ 3,208"
202,09/08/2022,IndiGo,09:45,Chennai,01 h 10 m,Non stop,Coimbatore,10:55,"₹ 3,208"
203,09/08/2022,IndiGo,12:35,Chennai,01 h 05 m,Non stop,Coimbatore,13:40,"₹ 3,208"
204,09/08/2022,IndiGo,14:35,Chennai,01 h,Non stop,Coimbatore,15:35,"₹ 3,208"
205,09/08/2022,IndiGo,16:15,Chennai,01 h,Non stop,Coimbatore,17:15,"₹ 3,208"
206,09/08/2022,IndiGo,19:00,Chennai,01 h,Non stop,Coimbatore,20:00,"₹ 3,208"
207,09/08/2022,IndiGo,20:55,Chennai,55 m,Non stop,Coimbatore,21:50,"₹ 3,208"
208,09/08/2022,Air India,13:20,Chennai,01 h 05 m,Non stop,Coimbatore,14:25,"₹ 4,468"
209,09/08/2022,Vistara,07:00,Chennai,06 h 50 m,1 stop via Mumbai,Coimbatore,13:50,"₹ 10,768"
210,10/08/2022,IndiGo,08:40,Chennai,01 h,Non stop,Coimbatore,09:40,"₹ 3,208"
211,10/08/2022,IndiGo,09:45,Chennai,01 h 10 m,Non stop,Coimbatore,10:55,"₹ 3,208"
212,10/08/2022,IndiGo,19:00,Chennai,01 h,Non stop,Coimbatore,20:00,"₹ 3,208"
213,10/08/2022,IndiGo,20:55,Chennai,55 m,Non stop,Coimbatore,21:50,"₹ 3,208"
214,10/08/2022,IndiGo,12:35,Chennai,01 h 05 m,Non stop,Coimbatore,13:40,"₹ 3,523"
215,10/08/2022,IndiGo,14:35,Chennai,01 h,Non stop,Coimbatore,15:35,"₹ 3,523"
216,10/08/2022,IndiGo,16:15,Chennai,01 h,Non stop,Coimbatore,17:15,"₹ 3,523"
217,10/08/2022,Air India,13:20,Chennai,01 h 05 m,Non stop,Coimbatore,14:25,"₹ 4,468"
218,10/08/2022,Vistara,07:00,Chennai,06 h 50 m,1 stop via Mumbai,Coimbatore,13:50,"₹ 10,768"
219,11/08/2022,IndiGo,08:35,Chennai,01 h 05 m,Non stop,Coimbatore,09:40,"₹ 3,208"
220,11/08/2022,IndiGo,09:45,Chennai,01 h 10 m,Non stop,Coimbatore,10:55,"₹ 3,208"
221,11/08/2022,IndiGo,19:00,Chennai,01 h,Non stop,Coimbatore,20:00,"₹ 3,208"
222,11/08/2022,IndiGo,20:55,Chennai,55 m,Non stop,Coimbatore,21:50,"₹ 3,208"
223,11/08/2022,IndiGo,12:35,Chennai,01 h 05 m,Non stop,Coimbatore,13:40,"₹ 3,523"
224,11/08/2022,IndiGo,14:35,Chennai,01 h,Non stop,Coimbatore,15:35,"₹ 3,523"
225,11/08/2022,IndiGo,16:15,Chennai,01 h,Non stop,Coimbatore,17:15,"₹ 3,523"
226,11/08/2022,Air India,13:20,Chennai,01 h 05 m,Non stop,Coimbatore,14:25,"₹ 4,468"
227,11/08/2022,Vistara,07:00,Chennai,06 h 50 m,1 stop via Mumbai,Coimbatore,13:50,"₹ 11,986"
228,12/08/2022,IndiGo,08:40,Chennai,01 h,Non stop,Coimbatore,09:40,"₹ 3,208"
229,12/08/2022,IndiGo,09:45,Chennai,01 h 10 m,Non stop,Coimbatore,10:55,"₹ 3,208"
230,12/08/2022,IndiGo,19:00,Chennai,01 h,Non stop,Coimbatore,20:00,"₹ 3,208"
231,12/08/2022,IndiGo,20:55,Chennai,55 m,Non stop,Coimbatore,21:50,"₹ 3,208"
232,12/08/2022,IndiGo,12:35,Chennai,01 h 05 m,Non stop,Coimbatore,13:40,"₹ 3,523"
233,12/08/2022,IndiGo,14:35,Chennai,01 h,Non stop,Coimbatore,15:35,"₹ 3,523"
234,12/08/2022,IndiGo,16:15,Chennai,01 h,Non stop,Coimbatore,17:15,"₹ 3,523"
235,12/08/2022,Air India,13:20,Chennai,01 h 05 m,Non stop,Coimbatore,14:25,"₹ 4,468"
236,12/08/2022,Vistara,07:00,Chennai,06 h 50 m,1 stop via Mumbai,Coimbatore,13:50,"₹ 12,721"
237,13/08/2022,IndiGo,08:35,Chennai,01 h 05 m,Non stop,Coimbatore,09:40,"₹ 3,208"
238,13/08/2022,IndiGo,19:00,Chennai,01 h,Non stop,Coimbatore,20:00,"₹ 3,208"
239,13/08/2022,IndiGo,20:55,Chennai,55 m,Non stop,Coimbatore,21:50,"₹ 3,208"
240,13/08/2022,IndiGo,09:45,Chennai,01 h 10 m,Non stop,Coimbatore,10:55,"₹ 3,313"
241,13/08/2022,IndiGo,14:35,Chennai,01 h,Non stop,Coimbatore,15:35,"₹ 3,523"
242,13/08/2022,IndiGo,16:15,Chennai,01 h,Non stop,Coimbatore,17:15,"₹ 3,523"
243,13/08/2022,Air India,13:20,Chennai,01 h 05 m,Non stop,Coimbatore,14:25,"₹ 4,783"
244,13/08/2022,IndiGo,12:35,Chennai,01 h 05 m,Non stop,Coimbatore,13:40,"₹ 4,941"
245,13/08/2022,Vistara,21:05,Chennai,16 h 45 m,"2 stop via New Delhi,Mumbai",Coimbatore,13:50,"₹ 15,428"
246,14/08/2022,IndiGo,08:40,Chennai,01 h,Non stop,Coimbatore,09:40,"₹ 3,208"
247,14/08/2022,IndiGo,09:45,Chennai,01 h 10 m,Non stop,Coimbatore,10:55,"₹ 3,208"
248,14/08/2022,IndiGo,19:00,Chennai,01 h,Non stop,Coimbatore,20:00,"₹ 3,208"
249,14/08/2022,IndiGo,20:55,Chennai,55 m,Non stop,Coimbatore,21:50,"₹ 2,788"
250,14/08/2022,IndiGo,20:55,Chennai,55 m,Non stop,Coimbatore,21:50,"₹ 3,208"
251,14/08/2022,IndiGo,12:35,Chennai,01 h 05 m,Non stop,Coimbatore,13:40,"₹ 3,523"
252,14/08/2022,IndiGo,14:35,Chennai,01 h,Non stop,Coimbatore,15:35,"₹ 3,523"
253,14/08/2022,IndiGo,16:15,Chennai,01 h,Non stop,Coimbatore,17:15,"₹ 3,523"
254,14/08/2022,Air India,13:20,Chennai,01 h 05 m,Non stop,Coimbatore,14:25,"₹ 4,783"
255,14/08/2022,Vistara,07:00,Chennai,06 h 50 m,1 stop via Mumbai,Coimbatore,13:50,"₹ 12,511"
256,15/08/2022,IndiGo,08:40,Chennai,01 h,Non stop,Coimbatore,09:40,"₹ 2,788"
257,15/08/2022,IndiGo,09:45,Chennai,01 h 10 m,Non stop,Coimbatore,10:55,"₹ 2,788"
258,15/08/2022,IndiGo,19:00,Chennai,01 h,Non stop,Coimbatore,20:00,"₹ 2,788"
259,15/08/2022,IndiGo,20:55,Chennai,55 m,Non stop,Coimbatore,21:50,"₹ 2,788"
260,15/08/2022,IndiGo,12:35,Chennai,01 h 05 m,Non stop,Coimbatore,13:40,"₹ 3,103"
261,15/08/2022,IndiGo,16:15,Chennai,01 h,Non stop,Coimbatore,17:15,"₹ 3,103"
262,15/08/2022,Air India,13:20,Chennai,01 h 05 m,Non stop,Coimbatore,14:25,"₹ 3,943"
263,15/08/2022,Vistara,07:00,Chennai,06 h 50 m,1 stop via Mumbai,Coimbatore,13:50,"₹ 10,170"
264,16/08/2022,IndiGo,08:35,Chennai,01 h 05 m,Non stop,Coimbatore,09:40,"₹ 2,788"
265,16/08/2022,IndiGo,09:45,Chennai,01 h 10 m,Non stop,Coimbatore,10:55,"₹ 2,788"
266,16/08/2022,IndiGo,19:00,Chennai,01 h,Non stop,Coimbatore,20:00,"₹ 2,788"
267,16/08/2022,IndiGo,20:55,Chennai,55 m,Non stop,Coimbatore,21:50,"₹ 2,788"
268,16/08/2022,IndiGo,12:35,Chennai,01 h 05 m,Non stop,Coimbatore,13:40,"₹ 3,103"
269,16/08/2022,IndiGo,14:35,Chennai,01 h,Non stop,Coimbatore,15:35,"₹ 3,103"
270,16/08/2022,IndiGo,16:15,Chennai,01 h,Non stop,Coimbatore,17:15,"₹ 3,103"
271,16/08/2022,Air India,13:20,Chennai,01 h 05 m,Non stop,Coimbatore,14:25,"₹ 3,943"
272,16/08/2022,Vistara,07:00,Chennai,06 h 50 m,1 stop via Mumbai,Coimbatore,13:50,"₹ 11,608"
273,17/08/2022,IndiGo,08:40,Chennai,01 h,Non stop,Coimbatore,09:40,"₹ 2,788"
274,17/08/2022,IndiGo,09:45,Chennai,01 h 10 m,Non stop,Coimbatore,10:55,"₹ 2,788"
275,17/08/2022,IndiGo,19:00,Chennai,01 h,Non stop,Coimbatore,20:00,"₹ 2,788"
276,17/08/2022,IndiGo,20:55,Chennai,55 m,Non stop,Coimbatore,21:50,"₹ 2,788"
277,17/08/2022,IndiGo,12:35,Chennai,01 h 05 m,Non stop,Coimbatore,13:40,"₹ 3,103"
278,17/08/2022,IndiGo,14:35,Chennai,01 h,Non stop,Coimbatore,15:35,"₹ 3,103"
279,17/08/2022,IndiGo,16:15,Chennai,01 h,Non stop,Coimbatore,17:15,"₹ 3,103"
280,17/08/2022,Air India,13:20,Chennai,01 h 05 m,Non stop,Coimbatore,14:25,"₹ 3,943"
281,17/08/2022,Vistara,07:00,Chennai,06 h 50 m,1 stop via Mumbai,Coimbatore,13:50,"₹ 11,608"
282,18/08/2022,IndiGo,08:35,Chennai,01 h 05 m,Non stop,Coimbatore,09:40,"₹ 2,788"
283,18/08/2022,IndiGo,09:45,Chennai,01 h 10 m,Non stop,Coimbatore,10:55,"₹ 2,788"
284,18/08/2022,IndiGo,12:35,Chennai,01 h 05 m,Non stop,Coimbatore,13:40,"₹ 2,788"
285,18/08/2022,IndiGo,14:35,Chennai,01 h,Non stop,Coimbatore,15:35,"₹ 2,788"
286,18/08/2022,IndiGo,16:15,Chennai,01 h,Non stop,Coimbatore,17:15,"₹ 2,788"
287,18/08/2022,IndiGo,19:00,Chennai,01 h,Non stop,Coimbatore,20:00,"₹ 2,788"
288,18/08/2022,IndiGo,20:55,Chennai,55 m,Non stop,Coimbatore,21:50,"₹ 2,788"
289,18/08/2022,Air India,13:20,Chennai,01 h 05 m,Non stop,Coimbatore,14:25,"₹ 3,943"
290,18/08/2022,Vistara,07:00,Chennai,06 h 50 m,1 stop via Mumbai,Coimbatore,13:50,"₹ 10,768"
291,19/08/2022,IndiGo,08:40,Chennai,01 h,Non stop,Coimbatore,09:40,"₹ 2,788"
292,19/08/2022,IndiGo,09:45,Chennai,01 h 10 m,Non stop,Coimbatore,10:55,"₹ 2,788"
293,19/08/2022,IndiGo,19:00,Chennai,01 h,Non stop,Coimbatore,20:00,"₹ 2,788"
294,19/08/2022,IndiGo,20:55,Chennai,55 m,Non stop,Coimbatore,21:50,"₹ 2,788"
295,19/08/2022,IndiGo,12:35,Chennai,01 h 05 m,Non stop,Coimbatore,13:40,"₹ 3,103"
296,19/08/2022,IndiGo,14:35,Chennai,01 h,Non stop,Coimbatore,15:35,"₹ 3,103"
297,19/08/2022,IndiGo,16:15,Chennai,01 h,Non stop,Coimbatore,17:15,"₹ 3,103"
298,19/08/2022,Air India,13:20,Chennai,01 h 05 m,Non stop,Coimbatore,14:25,"₹ 3,943"
299,19/08/2022,Vistara,07:00,Chennai,06 h 50 m,1 stop via Mumbai,Coimbatore,13:50,"₹ 9,645"
300,20/08/2022,IndiGo,08:35,Chennai,01 h 05 m,Non stop,Coimbatore,09:40,"₹ 2,788"
301,20/08/2022,IndiGo,09:45,Chennai,01 h 10 m,Non stop,Coimbatore,10:55,"₹ 2,788"
302,20/08/2022,IndiGo,19:00,Chennai,01 h,Non stop,Coimbatore,20:00,"₹ 2,788"
303,20/08/2022,IndiGo,20:55,Chennai,55 m,Non stop,Coimbatore,21:50,"₹ 2,788"
304,20/08/2022,IndiGo,12:35,Chennai,01 h 05 m,Non stop,Coimbatore,13:40,"₹ 2,998"
305,20/08/2022,IndiGo,14:35,Chennai,01 h,Non stop,Coimbatore,15:35,"₹ 3,103"
306,20/08/2022,IndiGo,16:15,Chennai,01 h,Non stop,Coimbatore,17:15,"₹ 3,103"
307,20/08/2022,Air India,13:20,Chennai,01 h 05 m,Non stop,Coimbatore,14:25,"₹ 4,258"
308,20/08/2022,Vistara,07:00,Chennai,06 h 50 m,1 stop via Mumbai,Coimbatore,13:50,"₹ 10,768"
309,21/08/2022,IndiGo,08:40,Chennai,01 h,Non stop,Coimbatore,09:40,"₹ 2,788"
310,21/08/2022,IndiGo,09:45,Chennai,01 h 10 m,Non stop,Coimbatore,10:55,"₹ 2,788"
311,21/08/2022,IndiGo,19:00,Chennai,01 h,Non stop,Coimbatore,20:00,"₹ 2,788"
312,21/08/2022,IndiGo,20:55,Chennai,55 m,Non stop,Coimbatore,21:50,"₹ 2,788"
313,21/08/2022,IndiGo,12:35,Chennai,01 h 05 m,Non stop,Coimbatore,13:40,"₹ 3,103"
314,21/08/2022,IndiGo,14:35,Chennai,01 h,Non stop,Coimbatore,15:35,"₹ 3,103"
315,21/08/2022,IndiGo,16:15,Chennai,01 h,Non stop,Coimbatore,17:15,"₹ 3,103"
316,21/08/2022,Air India,13:20,Chennai,01 h 05 m,Non stop,Coimbatore,14:25,"₹ 4,258"
317,21/08/2022,Vistara,07:00,Chennai,06 h 50 m,1 stop via Mumbai,Coimbatore,13:50,"₹ 10,768"
318,22/08/2022,IndiGo,08:40,Chennai,01 h,Non stop,Coimbatore,09:40,"₹ 2,788"
319,22/08/2022,IndiGo,09:45,Chennai,01 h 10 m,Non stop,Coimbatore,10:55,"₹ 2,788"
320,22/08/2022,IndiGo,12:35,Chennai,01 h 05 m,Non stop,Coimbatore,13:40,"₹ 2,788"
321,22/08/2022,IndiGo,16:15,Chennai,01 h,Non stop,Coimbatore,17:15,"₹ 2,788"
322,22/08/2022,IndiGo,19:00,Chennai,01 h,Non stop,Coimbatore,20:00,"₹ 2,788"
323,22/08/2022,IndiGo,20:55,Chennai,55 m,Non stop,Coimbatore,21:50,"₹ 2,788"
324,22/08/2022,Air India,13:20,Chennai,01 h 05 m,Non stop,Coimbatore,14:25,"₹ 3,943"
325,22/08/2022,Vistara,07:00,Chennai,06 h 50 m,1 stop via Mumbai,Coimbatore,13:50,"₹ 10,768"
326,23/08/2022,IndiGo,08:35,Chennai,01 h 05 m,Non stop,Coimbatore,09:40,"₹ 2,788"
327,23/08/2022,IndiGo,09:45,Chennai,01 h 10 m,Non stop,Coimbatore,10:55,"₹ 2,788"
328,23/08/2022,IndiGo,12:35,Chennai,01 h 05 m,Non stop,Coimbatore,13:40,"₹ 2,788"
329,23/08/2022,IndiGo,14:35,Chennai,01 h,Non stop,Coimbatore,15:35,"₹ 2,788"
330,23/08/2022,IndiGo,16:15,Chennai,01 h,Non stop,Coimbatore,17:15,"₹ 2,788"
331,23/08/2022,IndiGo,19:00,Chennai,01 h,Non stop,Coimbatore,20:00,"₹ 2,788"
332,23/08/2022,IndiGo,20:55,Chennai,55 m,Non stop,Coimbatore,21:50,"₹ 2,788"
333,23/08/2022,Air India,13:20,Chennai,01 h 05 m,Non stop,Coimbatore,14:25,"₹ 3,943"
334,23/08/2022,Vistara,07:00,Chennai,06 h 50 m,1 stop via Mumbai,Coimbatore,13:50,"₹ 10,768"
335,24/08/2022,IndiGo,08:40,Chennai,01 h,Non stop,Coimbatore,09:40,"₹ 2,788"
336,24/08/2022,IndiGo,09:45,Chennai,01 h 10 m,Non stop,Coimbatore,10:55,"₹ 2,788"
337,24/08/2022,IndiGo,12:35,Chennai,01 h 05 m,Non stop,Coimbatore,13:40,"₹ 2,788"
338,24/08/2022,IndiGo,14:35,Chennai,01 h,Non stop,Coimbatore,15:35,"₹ 2,788"
339,24/08/2022,IndiGo,16:15,Chennai,01 h,Non stop,Coimbatore,17:15,"₹ 2,788"
340,24/08/2022,IndiGo,19:00,Chennai,01 h,Non stop,Coimbatore,20:00,"₹ 2,788"
341,24/08/2022,IndiGo,20:55,Chennai,55 m,Non stop,Coimbatore,21:50,"₹ 2,788"
342,24/08/2022,Air India,13:20,Chennai,01 h 05 m,Non stop,Coimbatore,14:25,"₹ 3,943"
343,24/08/2022,Vistara,07:00,Chennai,06 h 50 m,1 stop via Mumbai,Coimbatore,13:50,"₹ 10,873"
344,25/08/2022,IndiGo,08:35,Chennai,01 h 05 m,Non stop,Coimbatore,09:40,"₹ 2,788"
345,25/08/2022,IndiGo,09:45,Chennai,01 h 10 m,Non stop,Coimbatore,10:55,"₹ 2,788"
346,25/08/2022,IndiGo,12:35,Chennai,01 h 05 m,Non stop,Coimbatore,13:40,"₹ 2,788"
347,25/08/2022,IndiGo,14:35,Chennai,01 h,Non stop,Coimbatore,15:35,"₹ 2,788"
348,25/08/2022,IndiGo,16:15,Chennai,01 h,Non stop,Coimbatore,17:15,"₹ 2,788"
349,25/08/2022,IndiGo,19:00,Chennai,01 h,Non stop,Coimbatore,20:00,"₹ 2,788"
350,25/08/2022,IndiGo,20:55,Chennai,55 m,Non stop,Coimbatore,21:50,"₹ 2,788"
351,25/08/2022,Air India,13:20,Chennai,01 h 05 m,Non stop,Coimbatore,14:25,"₹ 3,943"
352,25/08/2022,Vistara,07:00,Chennai,06 h 50 m,1 stop via Mumbai,Coimbatore,13:50,"₹ 10,768"
353,26/08/2022,IndiGo,08:40,Chennai,01 h,Non stop,Coimbatore,09:40,"₹ 2,788"
354,26/08/2022,IndiGo,09:45,Chennai,01 h 10 m,Non stop,Coimbatore,10:55,"₹ 2,788"
355,26/08/2022,IndiGo,19:00,Chennai,01 h,Non stop,Coimbatore,20:00,"₹ 2,788"
356,26/08/2022,IndiGo,20:55,Chennai,55 m,Non stop,Coimbatore,21:50,"₹ 2,788"
357,26/08/2022,IndiGo,12:35,Chennai,01 h 05 m,Non stop,Coimbatore,13:40,"₹ 3,103"
358,26/08/2022,IndiGo,14:35,Chennai,01 h,Non stop,Coimbatore,15:35,"₹ 3,103"
359,26/08/2022,IndiGo,16:15,Chennai,01 h,Non stop,Coimbatore,17:15,"₹ 3,103"
360,26/08/2022,Air India,13:20,Chennai,01 h 05 m,Non stop,Coimbatore,14:25,"₹ 3,943"
361,26/08/2022,Vistara,07:00,Chennai,06 h 50 m,1 stop via Mumbai,Coimbatore,13:50,"₹ 10,768"
362,27/08/2022,IndiGo,08:35,Chennai,01 h 05 m,Non stop,Coimbatore,09:40,"₹ 2,788"
363,27/08/2022,IndiGo,09:45,Chennai,01 h 10 m,Non stop,Coimbatore,10:55,"₹ 2,788"
364,27/08/2022,IndiGo,19:00,Chennai,01 h,Non stop,Coimbatore,20:00,"₹ 2,788"
365,27/08/2022,IndiGo,20:55,Chennai,55 m,Non stop,Coimbatore,21:50,"₹ 2,788"
366,27/08/2022,IndiGo,12:35,Chennai,01 h 05 m,Non stop,Coimbatore,13:40,"₹ 3,103"
367,27/08/2022,IndiGo,14:35,Chennai,01 h,Non stop,Coimbatore,15:35,"₹ 3,103"
368,27/08/2022,IndiGo,16:15,Chennai,01 h,Non stop,Coimbatore,17:15,"₹ 3,103"
369,27/08/2022,Air India,13:20,Chennai,01 h 05 m,Non stop,Coimbatore,14:25,"₹ 3,943"
370,27/08/2022,Vistara,07:00,Chennai,06 h 50 m,1 stop via Mumbai,Coimbatore,13:50,"₹ 10,768"
371,28/08/2022,IndiGo,08:40,Chennai,01 h,Non stop,Coimbatore,09:40,"₹ 2,788"
372,28/08/2022,IndiGo,09:45,Chennai,01 h 10 m,Non stop,Coimbatore,10:55,"₹ 2,788"
373,28/08/2022,IndiGo,19:00,Chennai,01 h,Non stop,Coimbatore,20:00,"₹ 2,788"
374,28/08/2022,IndiGo,20:55,Chennai,55 m,Non stop,Coimbatore,21:50,"₹ 2,788"
375,28/08/2022,IndiGo,12:35,Chennai,01 h 05 m,Non stop,Coimbatore,13:40,"₹ 3,103"
376,28/08/2022,IndiGo,14:35,Chennai,01 h,Non stop,Coimbatore,15:35,"₹ 3,103"
377,28/08/2022,IndiGo,16:15,Chennai,01 h,Non stop,Coimbatore,17:15,"₹ 3,103"
378,28/08/2022,Air India,13:20,Chennai,01 h 05 m,Non stop,Coimbatore,14:25,"₹ 3,943"
379,28/08/2022,Vistara,07:00,Chennai,06 h 50 m,1 stop via Mumbai,Coimbatore,13:50,"₹ 10,768"
380,29/08/2022,IndiGo,08:40,Chennai,01 h,Non stop,Coimbatore,09:40,"₹ 2,788"
381,29/08/2022,IndiGo,09:45,Chennai,01 h 10 m,Non stop,Coimbatore,10:55,"₹ 2,788"
382,29/08/2022,IndiGo,19:00,Chennai,01 h,Non stop,Coimbatore,20:00,"₹ 2,788"
383,29/08/2022,IndiGo,20:55,Chennai,55 m,Non stop,Coimbatore,21:50,"₹ 2,788"
384,29/08/2022,IndiGo,12:35,Chennai,01 h 05 m,Non stop,Coimbatore,13:40,"₹ 3,103"
385,29/08/2022,IndiGo,16:15,Chennai,01 h,Non stop,Coimbatore,17:15,"₹ 3,103"
386,29/08/2022,Air India,13:20,Chennai,01 h 05 m,Non stop,Coimbatore,14:25,"₹ 3,943"
387,29/08/2022,Vistara,07:00,Chennai,06 h 50 m,1 stop via Mumbai,Coimbatore,13:50,"₹ 10,768"
388,30/08/2022,IndiGo,08:35,Chennai,01 h 05 m,Non stop,Coimbatore,09:40,"₹ 2,788"
389,30/08/2022,IndiGo,09:45,Chennai,01 h 10 m,Non stop,Coimbatore,10:55,"₹ 2,788"
390,30/08/2022,IndiGo,19:00,Chennai,01 h,Non stop,Coimbatore,20:00,"₹ 2,788"
391,30/08/2022,IndiGo,20:55,Chennai,55 m,Non stop,Coimbatore,21:50,"₹ 2,788"
392,30/08/2022,IndiGo,12:35,Chennai,01 h 05 m,Non stop,Coimbatore,13:40,"₹ 3,103"
393,30/08/2022,IndiGo,14:35,Chennai,01 h,Non stop,Coimbatore,15:35,"₹ 3,103"
394,30/08/2022,IndiGo,16:15,Chennai,01 h,Non stop,Coimbatore,17:15,"₹ 3,103"
395,30/08/2022,Air India,13:20,Chennai,01 h 05 m,Non stop,Coimbatore,14:25,"₹ 3,943"
396,30/08/2022,Vistara,07:00,Chennai,06 h 50 m,1 stop via Mumbai,Coimbatore,13:50,"₹ 9,645"
397,31/08/2022,IndiGo,08:40,Chennai,01 h,Non stop,Coimbatore,09:40,"₹ 2,788"
398,31/08/2022,IndiGo,09:45,Chennai,01 h 10 m,Non stop,Coimbatore,10:55,"₹ 2,788"
399,31/08/2022,IndiGo,12:35,Chennai,01 h 05 m,Non stop,Coimbatore,13:40,"₹ 2,788"
400,31/08/2022,IndiGo,14:35,Chennai,01 h,Non stop,Coimbatore,15:35,"₹ 2,788"
401,31/08/2022,IndiGo,16:15,Chennai,01 h,Non stop,Coimbatore,17:15,"₹ 2,788"
402,31/08/2022,IndiGo,19:00,Chennai,01 h,Non stop,Coimbatore,20:00,"₹ 2,788"
403,31/08/2022,IndiGo,20:55,Chennai,55 m,Non stop,Coimbatore,21:50,"₹ 2,788"
404,31/08/2022,Air India,13:20,Chennai,01 h 05 m,Non stop,Coimbatore,14:25,"₹ 3,943"
405,31/08/2022,Vistara,07:00,Chennai,06 h 50 m,1 stop via Mumbai,Coimbatore,13:50,"₹ 11,083"
406,01/09/2022,IndiGo,08:35,Chennai,01 h 05 m,Non stop,Coimbatore,09:40,"₹ 2,788"
407,01/09/2022,IndiGo,09:45,Chennai,01 h 10 m,Non stop,Coimbatore,10:55,"₹ 2,788"
408,01/09/2022,IndiGo,19:00,Chennai,01 h,Non stop,Coimbatore,20:00,"₹ 2,788"
409,01/09/2022,IndiGo,20:55,Chennai,55 m,Non stop,Coimbatore,21:50,"₹ 2,788"
410,01/09/2022,IndiGo,12:35,Chennai,01 h 05 m,Non stop,Coimbatore,13:40,"₹ 3,103"
411,01/09/2022,IndiGo,14:35,Chennai,01 h,Non stop,Coimbatore,15:35,"₹ 3,103"
412,01/09/2022,IndiGo,16:15,Chennai,01 h,Non stop,Coimbatore,17:15,"₹ 3,103"
413,01/09/2022,Air India,13:20,Chennai,01 h 05 m,Non stop,Coimbatore,14:25,"₹ 3,943"
414,01/09/2022,Vistara,07:00,Chennai,06 h 50 m,1 stop via Mumbai,Coimbatore,13:50,"₹ 10,768"
415,02/09/2022,IndiGo,08:40,Chennai,01 h,Non stop,Coimbatore,09:40,"₹ 2,788"
416,02/09/2022,IndiGo,09:45,Chennai,01 h 10 m,Non stop,Coimbatore,10:55,"₹ 2,788"
417,02/09/2022,IndiGo,19:00,Chennai,01 h,Non stop,Coimbatore,20:00,"₹ 2,788"
418,02/09/2022,IndiGo,20:55,Chennai,55 m,Non stop,Coimbatore,21:50,"₹ 2,788"
419,02/09/2022,IndiGo,12:35,Chennai,01 h 05 m,Non stop,Coimbatore,13:40,"₹ 3,103"
420,02/09/2022,IndiGo,14:35,Chennai,01 h,Non stop,Coimbatore,15:35,"₹ 3,103"
421,02/09/2022,IndiGo,16:15,Chennai,01 h,Non stop,Coimbatore,17:15,"₹ 3,103"
422,02/09/2022,Air India,13:20,Chennai,01 h 05 m,Non stop,Coimbatore,14:25,"₹ 3,943"
423,02/09/2022,Vistara,07:00,Chennai,06 h 50 m,1 stop via Mumbai,Coimbatore,13:50,"₹ 10,768"
424,03/09/2022,IndiGo,08:35,Chennai,01 h 05 m,Non stop,Coimbatore,09:40,"₹ 2,788"
425,03/09/2022,IndiGo,09:45,Chennai,01 h 10 m,Non stop,Coimbatore,10:55,"₹ 2,788"
426,03/09/2022,IndiGo,19:00,Chennai,01 h,Non stop,Coimbatore,20:00,"₹ 2,788"
427,03/09/2022,IndiGo,20:55,Chennai,55 m,Non stop,Coimbatore,21:50,"₹ 2,788"
428,03/09/2022,IndiGo,12:35,Chennai,01 h 05 m,Non stop,Coimbatore,13:40,"₹ 3,103"
429,03/09/2022,IndiGo,14:35,Chennai,01 h,Non stop,Coimbatore,15:35,"₹ 3,103"
430,03/09/2022,IndiGo,16:15,Chennai,01 h,Non stop,Coimbatore,17:15,"₹ 3,103"
431,03/09/2022,Air India,13:20,Chennai,01 h 05 m,Non stop,Coimbatore,14:25,"₹ 3,943"
432,03/09/2022,Vistara,07:00,Chennai,06 h 50 m,1 stop via Mumbai,Coimbatore,13:50,"₹ 11,083"
433,04/09/2022,IndiGo,08:40,Chennai,01 h,Non stop,Coimbatore,09:40,"₹ 2,788"
434,04/09/2022,IndiGo,09:45,Chennai,01 h 10 m,Non stop,Coimbatore,10:55,"₹ 2,788"
435,04/09/2022,IndiGo,12:35,Chennai,01 h 05 m,Non stop,Coimbatore,13:40,"₹ 2,788"
436,04/09/2022,IndiGo,14:35,Chennai,01 h,Non stop,Coimbatore,15:35,"₹ 2,788"
437,04/09/2022,IndiGo,16:15,Chennai,01 h,Non stop,Coimbatore,17:15,"₹ 2,788"
438,04/09/2022,IndiGo,19:00,Chennai,01 h,Non stop,Coimbatore,20:00,"₹ 2,788"
439,04/09/2022,IndiGo,20:55,Chennai,55 m,Non stop,Coimbatore,21:50,"₹ 2,788"
440,04/09/2022,Air India,13:20,Chennai,01 h 05 m,Non stop,Coimbatore,14:25,"₹ 3,943"
441,04/09/2022,Vistara,07:00,Chennai,06 h 50 m,1 stop via Mumbai,Coimbatore,13:50,"₹ 10,768"
442,05/09/2022,IndiGo,08:40,Chennai,01 h,Non stop,Coimbatore,09:40,"₹ 2,788"
443,05/09/2022,IndiGo,09:45,Chennai,01 h 10 m,Non stop,Coimbatore,10:55,"₹ 2,788"
444,05/09/2022,IndiGo,12:35,Chennai,01 h 05 m,Non stop,Coimbatore,13:40,"₹ 2,788"
445,05/09/2022,IndiGo,14:35,Chennai,01 h,Non stop,Coimbatore,15:35,"₹ 2,788"
446,05/09/2022,IndiGo,16:15,Chennai,01 h,Non stop,Coimbatore,17:15,"₹ 2,788"
447,05/09/2022,IndiGo,19:00,Chennai,01 h,Non stop,Coimbatore,20:00,"₹ 2,788"
448,05/09/2022,IndiGo,20:55,Chennai,55 m,Non stop,Coimbatore,21:50,"₹ 2,788"
449,05/09/2022,Air India,13:20,Chennai,01 h 05 m,Non stop,Coimbatore,14:25,"₹ 3,943"
450,05/09/2022,Vistara,07:00,Chennai,06 h 50 m,1 stop via Mumbai,Coimbatore,13:50,"₹ 10,768"
451,06/09/2022,IndiGo,08:35,Chennai,01 h 05 m,Non stop,Coimbatore,09:40,"₹ 2,788"
452,06/09/2022,IndiGo,09:45,Chennai,01 h 10 m,Non stop,Coimbatore,10:55,"₹ 2,788"
453,06/09/2022,IndiGo,19:00,Chennai,01 h,Non stop,Coimbatore,20:00,"₹ 2,788"
454,06/09/2022,IndiGo,20:55,Chennai,55 m,Non stop,Coimbatore,21:50,"₹ 2,788"
455,06/09/2022,IndiGo,12:35,Chennai,01 h 05 m,Non stop,Coimbatore,13:40,"₹ 3,103"
456,06/09/2022,IndiGo,14:35,Chennai,01 h,Non stop,Coimbatore,15:35,"₹ 3,103"
457,06/09/2022,IndiGo,16:15,Chennai,01 h,Non stop,Coimbatore,17:15,"₹ 3,103"
458,06/09/2022,Air India,13:20,Chennai,01 h 05 m,Non stop,Coimbatore,14:25,"₹ 3,943"
459,06/09/2022,Vistara,07:00,Chennai,06 h 50 m,1 stop via Mumbai,Coimbatore,13:50,"₹ 9,645"
460,07/09/2022,IndiGo,08:40,Chennai,01 h,Non stop,Coimbatore,09:40,"₹ 2,788"
461,07/09/2022,IndiGo,09:45,Chennai,01 h 10 m,Non stop,Coimbatore,10:55,"₹ 2,788"
462,07/09/2022,IndiGo,19:00,Chennai,01 h,Non stop,Coimbatore,20:00,"₹ 2,788"
463,07/09/2022,IndiGo,20:55,Chennai,55 m,Non stop,Coimbatore,21:50,"₹ 2,788"
464,07/09/2022,IndiGo,12:35,Chennai,01 h 05 m,Non stop,Coimbatore,13:40,"₹ 3,103"
465,07/09/2022,IndiGo,14:35,Chennai,01 h,Non stop,Coimbatore,15:35,"₹ 3,103"
466,07/09/2022,IndiGo,16:15,Chennai,01 h,Non stop,Coimbatore,17:15,"₹ 3,103"
467,07/09/2022,Air India,13:20,Chennai,01 h 05 m,Non stop,Coimbatore,14:25,"₹ 3,943"
468,07/09/2022,Vistara,07:00,Chennai,06 h 50 m,1 stop via Mumbai,Coimbatore,13:50,"₹ 10,768"
469,08/09/2022,IndiGo,08:35,Chennai,01 h 05 m,Non stop,Coimbatore,09:40,"₹ 2,788"
470,08/09/2022,IndiGo,09:45,Chennai,01 h 10 m,Non stop,Coimbatore,10:55,"₹ 2,788"
471,08/09/2022,IndiGo,12:35,Chennai,01 h 05 m,Non stop,Coimbatore,13:40,"₹ 2,788"
472,08/09/2022,IndiGo,14:35,Chennai,01 h,Non stop,Coimbatore,15:35,"₹ 2,788"
473,08/09/2022,IndiGo,16:15,Chennai,01 h,Non stop,Coimbatore,17:15,"₹ 2,788"
474,08/09/2022,IndiGo,19:00,Chennai,01 h,Non stop,Coimbatore,20:00,"₹ 2,788"
475,08/09/2022,IndiGo,20:55,Chennai,55 m,Non stop,Coimbatore,21:50,"₹ 2,788"
476,08/09/2022,Air India,13:20,Chennai,01 h 05 m,Non stop,Coimbatore,14:25,"₹ 3,943"
477,08/09/2022,Vistara,07:00,Chennai,06 h 50 m,1 stop via Mumbai,Coimbatore,13:50,"₹ 10,768"
478,09/09/2022,IndiGo,08:40,Chennai,01 h,Non stop,Coimbatore,09:40,"₹ 2,788"
479,09/09/2022,IndiGo,09:45,Chennai,01 h 10 m,Non stop,Coimbatore,10:55,"₹ 2,788"
480,09/09/2022,IndiGo,12:35,Chennai,01 h 05 m,Non stop,Coimbatore,13:40,"₹ 2,788"
481,09/09/2022,IndiGo,14:35,Chennai,01 h,Non stop,Coimbatore,15:35,"₹ 2,788"
482,09/09/2022,IndiGo,16:15,Chennai,01 h,Non stop,Coimbatore,17:15,"₹ 2,788"
483,09/09/2022,IndiGo,19:00,Chennai,01 h,Non stop,Coimbatore,20:00,"₹ 2,788"
484,09/09/2022,IndiGo,20:55,Chennai,55 m,Non stop,Coimbatore,21:50,"₹ 2,788"
485,09/09/2022,Air India,13:20,Chennai,01 h 05 m,Non stop,Coimbatore,14:25,"₹ 3,943"
486,09/09/2022,Vistara,07:00,Chennai,06 h 50 m,1 stop via Mumbai,Coimbatore,13:50,"₹ 11,188"
487,10/09/2022,IndiGo,08:35,Chennai,01 h 05 m,Non stop,Coimbatore,09:40,"₹ 2,788"
488,10/09/2022,IndiGo,09:45,Chennai,01 h 10 m,Non stop,Coimbatore,10:55,"₹ 2,788"
489,10/09/2022,IndiGo,19:00,Chennai,01 h,Non stop,Coimbatore,20:00,"₹ 2,788"
490,10/09/2022,IndiGo,20:55,Chennai,55 m,Non stop,Coimbatore,21:50,"₹ 2,788"
491,10/09/2022,IndiGo,12:35,Chennai,01 h 05 m,Non stop,Coimbatore,13:40,"₹ 3,103"
492,10/09/2022,IndiGo,14:35,Chennai,01 h,Non stop,Coimbatore,15:35,"₹ 3,103"
493,10/09/2022,IndiGo,16:15,Chennai,01 h,Non stop,Coimbatore,17:15,"₹ 3,103"
494,10/09/2022,Air India,13:20,Chennai,01 h 05 m,Non stop,Coimbatore,14:25,"₹ 3,943"
495,10/09/2022,Vistara,07:00,Chennai,06 h 50 m,1 stop via Mumbai,Coimbatore,13:50,"₹ 10,768"
496,11/09/2022,IndiGo,08:40,Chennai,01 h,Non stop,Coimbatore,09:40,"₹ 2,788"
497,11/09/2022,IndiGo,09:45,Chennai,01 h 10 m,Non stop,Coimbatore,10:55,"₹ 2,788"
498,11/09/2022,IndiGo,12:35,Chennai,01 h 05 m,Non stop,Coimbatore,13:40,"₹ 2,788"
499,11/09/2022,IndiGo,14:35,Chennai,01 h,Non stop,Coimbatore,15:35,"₹ 2,788"
500,11/09/2022,IndiGo,16:15,Chennai,01 h,Non stop,Coimbatore,17:15,"₹ 2,788"
501,11/09/2022,IndiGo,19:00,Chennai,01 h,Non stop,Coimbatore,20:00,"₹ 2,788"
502,11/09/2022,IndiGo,20:55,Chennai,55 m,Non stop,Coimbatore,21:50,"₹ 2,788"
503,11/09/2022,Air India,13:20,Chennai,01 h 05 m,Non stop,Coimbatore,14:25,"₹ 3,943"
504,11/09/2022,Vistara,07:00,Chennai,06 h 50 m,1 stop via Mumbai,Coimbatore,13:50,"₹ 10,873"
505,12/09/2022,IndiGo,08:40,Chennai,01 h,Non stop,Coimbatore,09:40,"₹ 2,788"
506,12/09/2022,IndiGo,09:45,Chennai,01 h 10 m,Non stop,Coimbatore,10:55,"₹ 2,788"
507,12/09/2022,IndiGo,19:00,Chennai,01 h,Non stop,Coimbatore,20:00,"₹ 2,788"
508,12/09/2022,IndiGo,20:55,Chennai,55 m,Non stop,Coimbatore,21:50,"₹ 2,894"
509,12/09/2022,IndiGo,12:35,Chennai,01 h 05 m,Non stop,Coimbatore,13:40,"₹ 3,103"
510,12/09/2022,IndiGo,14:35,Chennai,01 h,Non stop,Coimbatore,15:35,"₹ 3,103"
511,12/09/2022,IndiGo,16:15,Chennai,01 h,Non stop,Coimbatore,17:15,"₹ 3,103"
512,12/09/2022,Air India,13:20,Chennai,01 h 05 m,Non stop,Coimbatore,14:25,"₹ 3,943"
513,12/09/2022,Vistara,07:00,Chennai,06 h 50 m,1 stop via Mumbai,Coimbatore,13:50,"₹ 10,768"
514,13/09/2022,IndiGo,08:35,Chennai,01 h 05 m,Non stop,Coimbatore,09:40,"₹ 2,788"
515,13/09/2022,IndiGo,09:45,Chennai,01 h 10 m,Non stop,Coimbatore,10:55,"₹ 2,788"
516,13/09/2022,IndiGo,12:35,Chennai,01 h 05 m,Non stop,Coimbatore,13:40,"₹ 2,788"
517,13/09/2022,IndiGo,14:35,Chennai,01 h,Non stop,Coimbatore,15:35,"₹ 2,788"
518,13/09/2022,IndiGo,16:15,Chennai,01 h,Non stop,Coimbatore,17:15,"₹ 2,788"
519,13/09/2022,IndiGo,19:00,Chennai,01 h,Non stop,Coimbatore,20:00,"₹ 2,788"
520,13/09/2022,IndiGo,20:55,Chennai,55 m,Non stop,Coimbatore,21:50,"₹ 2,788"
521,13/09/2022,Air India,13:20,Chennai,01 h 05 m,Non stop,Coimbatore,14:25,"₹ 3,943"
522,13/09/2022,Vistara,07:00,Chennai,06 h 50 m,1 stop via Mumbai,Coimbatore,13:50,"₹ 10,873"
523,14/09/2022,IndiGo,08:40,Chennai,01 h,Non stop,Coimbatore,09:40,"₹ 2,788"
524,14/09/2022,IndiGo,09:45,Chennai,01 h 10 m,Non stop,Coimbatore,10:55,"₹ 2,788"
525,14/09/2022,IndiGo,19:00,Chennai,01 h,Non stop,Coimbatore,20:00,"₹ 2,788"
526,14/09/2022,IndiGo,20:55,Chennai,55 m,Non stop,Coimbatore,21:50,"₹ 2,788"
527,14/09/2022,IndiGo,12:35,Chennai,01 h 05 m,Non stop,Coimbatore,13:40,"₹ 3,103"
528,14/09/2022,IndiGo,14:35,Chennai,01 h,Non stop,Coimbatore,15:35,"₹ 3,103"
529,14/09/2022,IndiGo,16:15,Chennai,01 h,Non stop,Coimbatore,17:15,"₹ 3,103"
530,14/09/2022,Air India,13:20,Chennai,01 h 05 m,Non stop,Coimbatore,14:25,"₹ 3,943"
531,14/09/2022,Vistara,07:00,Chennai,06 h 50 m,1 stop via Mumbai,Coimbatore,13:50,"₹ 10,768"
532,15/09/2022,IndiGo,08:35,Chennai,01 h 05 m,Non stop,Coimbatore,09:40,"₹ 2,788"
533,15/09/2022,IndiGo,09:45,Chennai,01 h 10 m,Non stop,Coimbatore,10:55,"₹ 2,788"
534,15/09/2022,IndiGo,12:35,Chennai,01 h 05 m,Non stop,Coimbatore,13:40,"₹ 2,788"
535,15/09/2022,IndiGo,14:35,Chennai,01 h,Non stop,Coimbatore,15:35,"₹ 2,788"
536,15/09/2022,IndiGo,16:15,Chennai,01 h,Non stop,Coimbatore,17:15,"₹ 2,788"
537,15/09/2022,IndiGo,19:00,Chennai,01 h,Non stop,Coimbatore,20:00,"₹ 2,788"
538,15/09/2022,IndiGo,20:55,Chennai,55 m,Non stop,Coimbatore,21:50,"₹ 2,788"
539,15/09/2022,Air India,13:20,Chennai,01 h 05 m,Non stop,Coimbatore,14:25,"₹ 3,943"
540,15/09/2022,Vistara,07:00,Chennai,06 h 50 m,1 stop via Mumbai,Coimbatore,13:50,"₹ 11,503"
541,16/09/2022,IndiGo,08:40,Chennai,01 h,Non stop,Coimbatore,09:40,"₹ 2,788"
542,16/09/2022,IndiGo,09:45,Chennai,01 h 10 m,Non stop,Coimbatore,10:55,"₹ 2,788"
543,16/09/2022,IndiGo,12:35,Chennai,01 h 05 m,Non stop,Coimbatore,13:40,"₹ 2,788"
544,16/09/2022,IndiGo,14:35,Chennai,01 h,Non stop,Coimbatore,15:35,"₹ 2,788"
545,16/09/2022,IndiGo,16:15,Chennai,01 h,Non stop,Coimbatore,17:15,"₹ 2,788"
546,16/09/2022,IndiGo,20:55,Chennai,55 m,Non stop,Coimbatore,21:50,"₹ 2,788"
547,16/09/2022,IndiGo,19:00,Chennai,01 h,Non stop,Coimbatore,20:00,"₹ 2,893"
548,16/09/2022,Air India,13:20,Chennai,01 h 05 m,Non stop,Coimbatore,14:25,"₹ 3,943"
549,16/09/2022,Vistara,07:00,Chennai,06 h 50 m,1 stop via Mumbai,Coimbatore,13:50,"₹ 10,768"
550,17/09/2022,IndiGo,08:35,Chennai,01 h 05 m,Non stop,Coimbatore,09:40,"₹ 2,788"
551,17/09/2022,IndiGo,09:45,Chennai,01 h 10 m,Non stop,Coimbatore,10:55,"₹ 2,788"
552,17/09/2022,IndiGo,12:35,Chennai,01 h 05 m,Non stop,Coimbatore,13:40,"₹ 2,788"
553,17/09/2022,IndiGo,14:35,Chennai,01 h,Non stop,Coimbatore,15:35,"₹ 2,788"
554,17/09/2022,IndiGo,16:15,Chennai,01 h,Non stop,Coimbatore,17:15,"₹ 2,788"
555,17/09/2022,IndiGo,19:00,Chennai,01 h,Non stop,Coimbatore,20:00,"₹ 2,788"
556,17/09/2022,IndiGo,20:55,Chennai,55 m,Non stop,Coimbatore,21:50,"₹ 2,788"
557,17/09/2022,Air India,13:20,Chennai,01 h 05 m,Non stop,Coimbatore,14:25,"₹ 4,153"
558,17/09/2022,Vistara,07:00,Chennai,06 h 50 m,1 stop via Mumbai,Coimbatore,13:50,"₹ 10,768"
559,18/09/2022,IndiGo,08:40,Chennai,01 h,Non stop,Coimbatore,09:40,"₹ 2,788"
560,18/09/2022,IndiGo,09:45,Chennai,01 h 10 m,Non stop,Coimbatore,10:55,"₹ 2,788"
561,18/09/2022,IndiGo,12:35,Chennai,01 h 05 m,Non stop,Coimbatore,13:40,"₹ 2,788"
562,18/09/2022,IndiGo,14:35,Chennai,01 h,Non stop,Coimbatore,15:35,"₹ 2,788"
563,18/09/2022,IndiGo,16:15,Chennai,01 h,Non stop,Coimbatore,17:15,"₹ 2,788"
564,18/09/2022,IndiGo,19:00,Chennai,01 h,Non stop,Coimbatore,20:00,"₹ 2,788"
565,18/09/2022,IndiGo,20:55,Chennai,55 m,Non stop,Coimbatore,21:50,"₹ 2,788"
566,18/09/2022,Air India,13:20,Chennai,01 h 05 m,Non stop,Coimbatore,14:25,"₹ 4,153"
567,18/09/2022,Vistara,07:00,Chennai,06 h 50 m,1 stop via Mumbai,Coimbatore,13:50,"₹ 10,873"
568,19/09/2022,IndiGo,08:40,Chennai,01 h,Non stop,Coimbatore,09:40,"₹ 2,788"
569,19/09/2022,IndiGo,09:45,Chennai,01 h 10 m,Non stop,Coimbatore,10:55,"₹ 2,788"
570,19/09/2022,IndiGo,12:35,Chennai,01 h 05 m,Non stop,Coimbatore,13:40,"₹ 2,788"
571,19/09/2022,IndiGo,14:35,Chennai,01 h,Non stop,Coimbatore,15:35,"₹ 2,788"
572,19/09/2022,IndiGo,16:15,Chennai,01 h,Non stop,Coimbatore,17:15,"₹ 2,788"
573,19/09/2022,IndiGo,19:00,Chennai,01 h,Non stop,Coimbatore,20:00,"₹ 2,788"
574,19/09/2022,IndiGo,20:55,Chennai,55 m,Non stop,Coimbatore,21:50,"₹ 2,788"
575,19/09/2022,Air India,13:20,Chennai,01 h 05 m,Non stop,Coimbatore,14:25,"₹ 3,943"
576,19/09/2022,Vistara,07:00,Chennai,06 h 50 m,1 stop via Mumbai,Coimbatore,13:50,"₹ 10,768"
577,20/09/2022,IndiGo,08:35,Chennai,01 h 05 m,Non stop,Coimbatore,09:40,"₹ 2,788"
578,20/09/2022,IndiGo,09:45,Chennai,01 h 10 m,Non stop,Coimbatore,10:55,"₹ 2,788"
579,20/09/2022,IndiGo,12:35,Chennai,01 h 05 m,Non stop,Coimbatore,13:40,"₹ 2,788"
580,20/09/2022,IndiGo,14:35,Chennai,01 h,Non stop,Coimbatore,15:35,"₹ 2,788"
581,20/09/2022,IndiGo,16:15,Chennai,01 h,Non stop,Coimbatore,17:15,"₹ 2,788"
582,20/09/2022,IndiGo,19:00,Chennai,01 h,Non stop,Coimbatore,20:00,"₹ 2,788"
583,20/09/2022,IndiGo,20:55,Chennai,55 m,Non stop,Coimbatore,21:50,"₹ 2,788"
584,20/09/2022,Air India,13:20,Chennai,01 h 05 m,Non stop,Coimbatore,14:25,"₹ 3,943"
585,20/09/2022,Vistara,07:00,Chennai,06 h 50 m,1 stop via Mumbai,Coimbatore,13:50,"₹ 10,873"
586,21/09/2022,IndiGo,08:40,Chennai,01 h,Non stop,Coimbatore,09:40,"₹ 2,788"
587,21/09/2022,IndiGo,09:45,Chennai,01 h 10 m,Non stop,Coimbatore,10:55,"₹ 2,788"
588,21/09/2022,IndiGo,12:35,Chennai,01 h 05 m,Non stop,Coimbatore,13:40,"₹ 2,788"
589,21/09/2022,IndiGo,14:35,Chennai,01 h,Non stop,Coimbatore,15:35,"₹ 2,788"
590,21/09/2022,IndiGo,16:15,Chennai,01 h,Non stop,Coimbatore,17:15,"₹ 2,788"
591,21/09/2022,IndiGo,19:00,Chennai,01 h,Non stop,Coimbatore,20:00,"₹ 2,788"
592,21/09/2022,IndiGo,20:55,Chennai,55 m,Non stop,Coimbatore,21:50,"₹ 2,788"
593,21/09/2022,Air India,13:20,Chennai,01 h 05 m,Non stop,Coimbatore,14:25,"₹ 3,943"
594,21/09/2022,Vistara,07:00,Chennai,06 h 50 m,1 stop via Mumbai,Coimbatore,13:50,"₹ 10,768"
595,22/09/2022,IndiGo,08:35,Chennai,01 h 05 m,Non stop,Coimbatore,09:40,"₹ 2,788"
596,22/09/2022,IndiGo,09:45,Chennai,01 h 10 m,Non stop,Coimbatore,10:55,"₹ 2,788"
597,22/09/2022,IndiGo,12:35,Chennai,01 h 05 m,Non stop,Coimbatore,13:40,"₹ 2,998"
598,22/09/2022,IndiGo,14:35,Chennai,01 h,Non stop,Coimbatore,15:35,"₹ 2,998"
599,22/09/2022,IndiGo,16:15,Chennai,01 h,Non stop,Coimbatore,17:15,"₹ 2,998"
600,22/09/2022,IndiGo,19:00,Chennai,01 h,Non stop,Coimbatore,20:00,"₹ 2,998"
601,22/09/2022,IndiGo,20:55,Chennai,55 m,Non stop,Coimbatore,21:50,"₹ 2,998"
602,22/09/2022,Air India,13:20,Chennai,01 h 05 m,Non stop,Coimbatore,14:25,"₹ 3,943"
603,22/09/2022,Vistara,07:00,Chennai,06 h 50 m,1 stop via Mumbai,Coimbatore,13:50,"₹ 10,768"
604,23/09/2022,IndiGo,08:40,Chennai,01 h,Non stop,Coimbatore,09:40,"₹ 3,103"
605,23/09/2022,IndiGo,09:45,Chennai,01 h 10 m,Non stop,Coimbatore,10:55,"₹ 3,103"
606,23/09/2022,IndiGo,12:35,Chennai,01 h 05 m,Non stop,Coimbatore,13:40,"₹ 3,103"
607,23/09/2022,IndiGo,14:35,Chennai,01 h,Non stop,Coimbatore,15:35,"₹ 3,103"
608,23/09/2022,IndiGo,16:15,Chennai,01 h,Non stop,Coimbatore,17:15,"₹ 3,103"
609,23/09/2022,IndiGo,19:00,Chennai,01 h,Non stop,Coimbatore,20:00,"₹ 3,103"
610,23/09/2022,IndiGo,20:55,Chennai,55 m,Non stop,Coimbatore,21:50,"₹ 3,103"
611,23/09/2022,Air India,13:20,Chennai,01 h 05 m,Non stop,Coimbatore,14:25,"₹ 3,943"
612,23/09/2022,Vistara,07:00,Chennai,06 h 50 m,1 stop via Mumbai,Coimbatore,13:50,"₹ 10,768"
613,24/09/2022,IndiGo,09:45,Chennai,01 h 10 m,Non stop,Coimbatore,10:55,"₹ 3,103"
614,24/09/2022,IndiGo,14:35,Chennai,01 h,Non stop,Coimbatore,15:35,"₹ 3,103"
615,24/09/2022,IndiGo,16:15,Chennai,01 h,Non stop,Coimbatore,17:15,"₹ 3,103"
616,24/09/2022,IndiGo,19:00,Chennai,01 h,Non stop,Coimbatore,20:00,"₹ 3,103"
617,24/09/2022,IndiGo,20:55,Chennai,55 m,Non stop,Coimbatore,21:50,"₹ 3,103"
618,24/09/2022,IndiGo,08:35,Chennai,01 h 05 m,Non stop,Coimbatore,09:40,"₹ 3,208"
619,24/09/2022,IndiGo,12:35,Chennai,01 h 05 m,Non stop,Coimbatore,13:40,"₹ 3,208"
620,24/09/2022,Air India,13:20,Chennai,01 h 05 m,Non stop,Coimbatore,14:25,"₹ 4,153"
621,24/09/2022,Vistara,07:00,Chennai,06 h 50 m,1 stop via Mumbai,Coimbatore,13:50,"₹ 10,873"
622,25/09/2022,IndiGo,08:40,Chennai,01 h,Non stop,Coimbatore,09:40,"₹ 3,103"
623,25/09/2022,IndiGo,09:45,Chennai,01 h 10 m,Non stop,Coimbatore,10:55,"₹ 3,103"
624,25/09/2022,IndiGo,12:35,Chennai,01 h 05 m,Non stop,Coimbatore,13:40,"₹ 3,103"
625,25/09/2022,IndiGo,14:35,Chennai,01 h,Non stop,Coimbatore,15:35,"₹ 3,103"
626,25/09/2022,IndiGo,16:15,Chennai,01 h,Non stop,Coimbatore,17:15,"₹ 3,103"
627,25/09/2022,IndiGo,19:00,Chennai,01 h,Non stop,Coimbatore,20:00,"₹ 3,103"
628,25/09/2022,IndiGo,20:55,Chennai,55 m,Non stop,Coimbatore,21:50,"₹ 3,103"
629,25/09/2022,Air India,13:20,Chennai,01 h 05 m,Non stop,Coimbatore,14:25,"₹ 4,153"
630,25/09/2022,Vistara,07:00,Chennai,06 h 50 m,1 stop via Mumbai,Coimbatore,13:50,"₹ 10,768"
631,26/09/2022,IndiGo,14:35,Chennai,01 h,Non stop,Coimbatore,15:35,"₹ 3,103"
632,26/09/2022,IndiGo,16:15,Chennai,01 h,Non stop,Coimbatore,17:15,"₹ 3,103"
633,26/09/2022,IndiGo,19:00,Chennai,01 h,Non stop,Coimbatore,20:00,"₹ 3,103"
634,26/09/2022,IndiGo,20:55,Chennai,55 m,Non stop,Coimbatore,21:50,"₹ 3,103"
635,26/09/2022,IndiGo,09:45,Chennai,01 h 10 m,Non stop,Coimbatore,10:55,"₹ 3,208"
636,26/09/2022,IndiGo,12:35,Chennai,01 h 05 m,Non stop,Coimbatore,13:40,"₹ 3,208"
637,26/09/2022,Air India,13:20,Chennai,01 h 05 m,Non stop,Coimbatore,14:25,"₹ 3,943"
638,26/09/2022,Vistara,07:00,Chennai,06 h 50 m,1 stop via Mumbai,Coimbatore,13:50,"₹ 10,768"
639,27/09/2022,IndiGo,12:35,Chennai,01 h 05 m,Non stop,Coimbatore,13:40,"₹ 2,998"
640,27/09/2022,IndiGo,14:35,Chennai,01 h,Non stop,Coimbatore,15:35,"₹ 2,998"
641,27/09/2022,IndiGo,16:15,Chennai,01 h,Non stop,Coimbatore,17:15,"₹ 2,998"
642,27/09/2022,IndiGo,19:00,Chennai,01 h,Non stop,Coimbatore,20:00,"₹ 2,998"
643,27/09/2022,IndiGo,20:55,Chennai,55 m,Non stop,Coimbatore,21:50,"₹ 2,998"
644,27/09/2022,IndiGo,09:45,Chennai,01 h 10 m,Non stop,Coimbatore,10:55,"₹ 3,208"
645,27/09/2022,Air India,13:20,Chennai,01 h 05 m,Non stop,Coimbatore,14:25,"₹ 3,943"
646,27/09/2022,Vistara,07:00,Chennai,06 h 50 m,1 stop via Mumbai,Coimbatore,13:50,"₹ 9,645"
647,28/09/2022,IndiGo,09:45,Chennai,01 h 10 m,Non stop,Coimbatore,10:55,"₹ 3,103"
648,28/09/2022,IndiGo,14:35,Chennai,01 h,Non stop,Coimbatore,15:35,"₹ 3,103"
649,28/09/2022,IndiGo,16:15,Chennai,01 h,Non stop,Coimbatore,17:15,"₹ 3,103"
650,28/09/2022,IndiGo,19:00,Chennai,01 h,Non stop,Coimbatore,20:00,"₹ 3,103"
651,28/09/2022,IndiGo,20:55,Chennai,55 m,Non stop,Coimbatore,21:50,"₹ 3,103"
652,28/09/2022,IndiGo,12:35,Chennai,01 h 05 m,Non stop,Coimbatore,13:40,"₹ 3,208"
653,28/09/2022,Air India,13:20,Chennai,01 h 05 m,Non stop,Coimbatore,14:25,"₹ 3,943"
654,28/09/2022,Vistara,07:00,Chennai,06 h 50 m,1 stop via Mumbai,Coimbatore,13:50,"₹ 10,873"
655,29/09/2022,IndiGo,09:45,Chennai,01 h 10 m,Non stop,Coimbatore,10:55,"₹ 3,103"
656,29/09/2022,IndiGo,12:35,Chennai,01 h 05 m,Non stop,Coimbatore,13:40,"₹ 3,103"
657,29/09/2022,IndiGo,14:35,Chennai,01 h,Non stop,Coimbatore,15:35,"₹ 3,103"
658,29/09/2022,IndiGo,16:15,Chennai,01 h,Non stop,Coimbatore,17:15,"₹ 3,103"
659,29/09/2022,IndiGo,19:00,Chennai,01 h,Non stop,Coimbatore,20:00,"₹ 3,103"
660,29/09/2022,IndiGo,20:55,Chennai,55 m,Non stop,Coimbatore,21:50,"₹ 3,103"
661,29/09/2022,Air India,13:20,Chennai,01 h 05 m,Non stop,Coimbatore,14:25,"₹ 3,943"
662,29/09/2022,Vistara,07:00,Chennai,06 h 50 m,1 stop via Mumbai,Coimbatore,13:50,"₹ 10,873"
663,30/09/2022,IndiGo,09:45,Chennai,01 h 10 m,Non stop,Coimbatore,10:55,"₹ 3,103"
664,30/09/2022,IndiGo,14:35,Chennai,01 h,Non stop,Coimbatore,15:35,"₹ 3,103"
665,30/09/2022,IndiGo,16:15,Chennai,01 h,Non stop,Coimbatore,17:15,"₹ 3,103"
666,30/09/2022,IndiGo,19:00,Chennai,01 h,Non stop,Coimbatore,20:00,"₹ 3,103"
667,30/09/2022,IndiGo,20:55,Chennai,55 m,Non stop,Coimbatore,21:50,"₹ 3,103"
668,30/09/2022,IndiGo,12:35,Chennai,01 h 05 m,Non stop,Coimbatore,13:40,"₹ 3,208"
669,30/09/2022,Air India,13:20,Chennai,01 h 05 m,Non stop,Coimbatore,14:25,"₹ 3,943"
670,30/09/2022,Vistara,07:00,Chennai,06 h 50 m,1 stop via Mumbai,Coimbatore,13:50,"₹ 10,873"
671,01/10/2022,IndiGo,14:35,Chennai,01 h,Non stop,Coimbatore,15:35,"₹ 3,103"
672,01/10/2022,IndiGo,16:15,Chennai,01 h,Non stop,Coimbatore,17:15,"₹ 3,103"
673,01/10/2022,IndiGo,19:00,Chennai,01 h,Non stop,Coimbatore,20:00,"₹ 3,103"
674,01/10/2022,IndiGo,20:55,Chennai,55 m,Non stop,Coimbatore,21:50,"₹ 3,103"
675,01/10/2022,IndiGo,12:35,Chennai,01 h 05 m,Non stop,Coimbatore,13:40,"₹ 3,208"
676,01/10/2022,IndiGo,09:45,Chennai,01 h 10 m,Non stop,Coimbatore,10:55,"₹ 3,366"
677,01/10/2022,Air India,13:20,Chennai,01 h 05 m,Non stop,Coimbatore,14:25,"₹ 4,678"
678,01/10/2022,Go First,05:00,Chennai,08 h 50 m,1 stop via Mumbai,Coimbatore,13:50,"₹ 10,733"
679,02/10/2022,IndiGo,14:35,Chennai,01 h,Non stop,Coimbatore,15:35,"₹ 3,103"
680,02/10/2022,IndiGo,16:15,Chennai,01 h,Non stop,Coimbatore,17:15,"₹ 3,103"
681,02/10/2022,IndiGo,20:55,Chennai,55 m,Non stop,Coimbatore,21:50,"₹ 3,103"
682,02/10/2022,IndiGo,19:00,Chennai,01 h,Non stop,Coimbatore,20:00,"₹ 3,208"
683,02/10/2022,IndiGo,09:45,Chennai,01 h 10 m,Non stop,Coimbatore,10:55,"₹ 3,366"
684,02/10/2022,IndiGo,12:35,Chennai,01 h 05 m,Non stop,Coimbatore,13:40,"₹ 3,523"
685,02/10/2022,Air India,13:20,Chennai,01 h 05 m,Non stop,Coimbatore,14:25,"₹ 4,678"
686,02/10/2022,Go First,05:00,Chennai,08 h 50 m,1 stop via Mumbai,Coimbatore,13:50,"₹ 10,733"
687,03/10/2022,IndiGo,09:45,Chennai,01 h 10 m,Non stop,Coimbatore,10:55,"₹ 3,103"
688,03/10/2022,IndiGo,12:35,Chennai,01 h 05 m,Non stop,Coimbatore,13:40,"₹ 3,103"
689,03/10/2022,IndiGo,14:35,Chennai,01 h,Non stop,Coimbatore,15:35,"₹ 3,103"
690,03/10/2022,IndiGo,16:15,Chennai,01 h,Non stop,Coimbatore,17:15,"₹ 3,103"
691,03/10/2022,IndiGo,19:00,Chennai,01 h,Non stop,Coimbatore,20:00,"₹ 3,103"
692,03/10/2022,IndiGo,20:55,Chennai,55 m,Non stop,Coimbatore,21:50,"₹ 3,103"
693,03/10/2022,Air India,13:20,Chennai,01 h 05 m,Non stop,Coimbatore,14:25,"₹ 4,468"
694,03/10/2022,Go First,05:00,Chennai,08 h 50 m,1 stop via Mumbai,Coimbatore,13:50,"₹ 10,733"
695,04/10/2022,IndiGo,09:45,Chennai,01 h 10 m,Non stop,Coimbatore,10:55,"₹ 3,103"
696,04/10/2022,IndiGo,12:35,Chennai,01 h 05 m,Non stop,Coimbatore,13:40,"₹ 3,103"
697,04/10/2022,IndiGo,14:35,Chennai,01 h,Non stop,Coimbatore,15:35,"₹ 3,103"
698,04/10/2022,IndiGo,16:15,Chennai,01 h,Non stop,Coimbatore,17:15,"₹ 3,103"
699,04/10/2022,IndiGo,19:00,Chennai,01 h,Non stop,Coimbatore,20:00,"₹ 3,103"
700,04/10/2022,IndiGo,20:55,Chennai,55 m,Non stop,Coimbatore,21:50,"₹ 3,103"
701,04/10/2022,Air India,13:20,Chennai,01 h 05 m,Non stop,Coimbatore,14:25,"₹ 4,468"
702,04/10/2022,Go First,05:00,Chennai,08 h 50 m,1 stop via Mumbai,Coimbatore,13:50,"₹ 10,733"
